"OrigName","MainName","TeamID"
"ASV Köln","ASV Köln",1
"ASV Köln 1","ASV Köln",1
"ASV Köln 2","ASV Köln 2",2
"ATS Buntentor Knights","ATS Buntentor Knights",3
"Baltic Storms","Baltic Storms",4
"Baltic Storms 2","Baltic Storms II",5
"Baltic Storms II","Baltic Storms II",5
"BAT Berlin","Berlin Rockets",11
"BAT Berlin II","Berlin Rockets (Laikas Berlin)",12
"BAT Berlin III","BAT Berlin III",8
"BAT III Berlin","BAT Berlin III",8
"BAT U21 Berlin","Berlin Rockets (Young Rockets)",13
"Bautzen Bears","Bautzen Bears",10
"Berlin Rockets","Berlin Rockets",11
"Berlin Rockets (Laikas Berlin)","Berlin Rockets (Laikas Berlin)",12
"Berlin Rockets (Young Rockets)","Berlin Rockets (Young Rockets)",13
"Berliner FK","Berliner FK",14
"Black Lions Landsberg","Black Lions Landsberg",15
"Black Panthers Altenbochum","Black Panthers Altenbochum",16
"Black Panthers Altenbochum 1","Black Panthers Altenbochum",16
"Black Panthers Frisch-Auf Altenbochum","Black Panthers Altenbochum",16
"SG Black Panthers Altenbochum 1/2","Black Panthers Altenbochum",16
"TV Frisch-Auf Altenbochum","Black Panthers Altenbochum",16
"Black Panthers Altenbochum 2","Black Panthers Altenbochum 2",17
"Black Pitballs Sankt Wendel","Black Pitballs Sankt Wendel",18
"Black Pitballs Sankt. Wendel","Black Pitballs Sankt Wendel",18
"Blau-Weiß 96 Schenefeld","Blau-Weiß 96 Schenefeld",19
"BSV Roxel","BSV Roxel",20
"BSV Roxel I","BSV Roxel",20
"BSV Roxel 2","BSV Roxel 2",21
"BTG Teutonia Bielefeld","BTG Teutonia Bielefeld",22
"BW96 Schenefeld 2","BW96 Schenefeld II",23
"BW96 Schenefeld II","BW96 Schenefeld II",23
"DJK Giants Karlsruhe-Ost","DJK Giants Karlsruhe-Ost",24
"DJK Grün-Weiß Ennepetal","DJK Grün-Weiß Ennepetal",25
"DJK Holzbüttgen","DJK Holzbüttgen",26
"DJK Holzbüttgen 2","DJK Holzbüttgen 2",27
"DJK Holzbüttgen II","DJK Holzbüttgen 2",27
"DJK Holzbüttgen 3","DJK Holzbüttgen 3",28
"Donau Floorball Ingolstadt / Nordheim II","Donau Floorball Ingolstadt / Nordheim II",29
"Donau Floorball Ingolstadt/Nordheim II / Haunwöhr","Donau Floorball Ingolstadt/Nordheim II / Haunwöhr",30
"Donau-Floorball Ingolstadt/Nordheim","Donau-Floorball Ingolstadt/Nordheim",31
"SG Ingolstadt / Nordheim","Donau-Floorball Ingolstadt/Nordheim",31
"SG SV Nordheim-Ingolstadt","Donau-Floorball Ingolstadt/Nordheim",31
"Dümptener Füchse","Dümptener Füchse",32
"Dümptener Füchse 2","Dümptener Füchse 2",33
"Eisbären Juniors","Eisbären Juniors",34
"Elbfüchse Radebeul","Elbfüchse Radebeul",35
"ESV Ingolstadt Floorball","ESV Ingolstadt Schanzer Ducks",36
"ESV Ingolstadt Schanzer Ducks","ESV Ingolstadt Schanzer Ducks",36
"ESV Ingolstadt-Ringsee","ESV Ingolstadt-Ringsee",37
"ETV Piranhhas","ETV Piranhhas Hamburg",38
"ETV Piranhhas Hamburg","ETV Piranhhas Hamburg",38
"ETV Hamburg II","ETV Piranhhas II",39
"ETV PiranHHas 2","ETV Piranhhas II",39
"ETV Piranhhas 2","ETV Piranhhas II",39
"ETV Piranhhas Hamburg 2","ETV Piranhhas II",39
"ETV Piranhhas II","ETV Piranhhas II",39
"ETV PiranHHas 3","ETV Piranhhas III",40
"ETV Piranhhas Hamburg 3","ETV Piranhhas III",40
"ETV Piranhhas III","ETV Piranhhas III",40
"FBC Havel","FBC Havel",41
"FBC Heidelberg","FBC Heidelberg",42
"FBC Phönix Leipzig","FBC Phönix Leipzig",43
"FBC Potsdam","FBC Potsdam",44
"FC Rennsteig Avalanche","FC Rennsteig Avalanche",45
"FC Stern München","FC Stern München",46
"FC Stern München I","FC Stern München",46
"FC Stern München II","FC Stern München II",47
"Floor Fighters Chemnitz","Floor Fighters Chemnitz",48
"Floor Fighters Chemnitz II","Floor Fighters Chemnitz II",49
"Floor Fighters Chemnitz III","Floor Fighters Chemnitz III",50
"Floorball Bautzen","Floorball Bautzen",51
"Floorball Butzbach","Floorball Butzbach",52
"SV Floorball Butzbach 04 e.V.","Floorball Butzbach",52
"Floorball Club Heidelberg","Floorball Club Heidelberg",53
"Floorball Griedel","Floorball Griedel",54
"Floorball Grizzlys Salzwedel","Floorball Grizzlys Salzwedel",55
"Floorball Mainz","Floorball Mainz",56
"Floorball Mainz 1","Floorball Mainz",56
"Floorball Mannheim","Floorball Mannheim",57
"Floorball Nordost","Floorball Nordost",58
"SG Floorball Nordost","Floorball Nordost",58
"Floorball Team Charlottenburg","Floorball Team Charlottenburg",59
"Floorball Tigers Magdeburg","Floorball Tigers Magdeburg",60
"Floorball Tigers Magdeburg II","Floorball Tigers Magdeburg II",61
"Floorball Turtles Berlin","Floorball Turtles Berlin",62
"Floorball-Team Lausitzer Wölfe","Floorball-Team Lausitzer Wölfe",63
"Frankfurt Falcons","Frankfurt Falcons",64
"FTC Berlin-Siemensstadt","FTC Berlin-Siemensstadt",65
"Gettorf Seahawks","Gettorf Seahawks",66
"Gettorfer TV","Gettorf Seahawks",66
"Gettorfer TV 1","Gettorf Seahawks",66
"Gettorfer TV I","Gettorf Seahawks",66
"Giant Sharks Tübingen-Karlsruhe","Giant Sharks Tübingen-Karlsruhe",67
"Hannover 96","Hannover 96",68
"Hannover 96  I","Hannover 96",68
"Hannover 96 I","Hannover 96",68
"Hannover 96  II","Hannover 96 II",69
"Hannover 96 II","Hannover 96 II",69
"Hannover 96 III","Hannover 96 III",70
"Hannover Mustangs","Hannover Mustangs",71
"Hannover Mustangs II","Hannover Mustangs II",72
"Kieler Floorball Klub","Kieler Floorball Klub",73
"Kieler Floorball Klub 1","Kieler Floorball Klub",73
"Kieler Floorball Klub I","Kieler Floorball Klub",73
"Kieler Floorball Klub 2","Kieler Floorball Klub II",74
"Kieler Floorball Klub II","Kieler Floorball Klub II",74
"Laikas Berlin","Laikas Berlin",75
"Lilienthaler Wölfe","Lilienthaler Wölfe",76
"Lumberjacks Rohrdorf","Lumberjacks Rohrdorf",77
"Marburger Elche","Marburger Elche",78
"UC Marburger Elche","Marburger Elche",78
"MFBC Grimma (D)","MFBC Grimma (D)",79
"MFBC Leipzig","MFBC Leipzig",80
"MFBC Leipzig/Grimma","MFBC Leipzig/Grimma",81
"MFBC Leipzig/Grimma II","MFBC Leipzig/Grimma",81
"MFBC Leipzig/Schkeuditz","MFBC Leipzig/Schkeuditz",82
"MFBC Schkeuditz","MFBC Schkeuditz",82
"MFBC Schkeuditz/Leipzig","MFBC Schkeuditz/Leipzig",83
"MTV 1846 Gießen","MTV 1846 Gießen",84
"MTV Mittelnkirchen","MTV Mittelnkirchen",85
"NUT`s 04 Nürnberg","Nut´s 04 Nürnberg",86
"NUT´s 04 Nürnberg","Nut´s 04 Nürnberg",86
"Nut´s 04 Nürnberg","Nut´s 04 Nürnberg",86
"Nuts ´04 Nürnberg","Nut´s 04 Nürnberg",86
"Panther Regensburg","Panther Regensburg",87
"Post/Süd Panther Regensburg","Panther Regensburg",87
"Partisan Connewitz","Partisan Connewitz",88
"Phönix Leipzig","Phönix Leipzig",89
"PSV 90 Dessau","PSV 90 Dessau",90
"PSV 90 Dessau II","PSV 90 Dessau II",91
"PSV Aachen","PSV Aachen",92
"PSV Flensburg","PSV Flensburg",93
"PSV Flensburg 1","PSV Flensburg",93
"PSV Flensburg 2","PSV Flensburg 2",94
"PSV Wikinger München","PSV Wikinger München",95
"PTSV United Lakers Konstanz","United Lakers Konstanz",209
"Red Devils Wernigerode","Red Devils Wernigerode",97
"Red Devils Wernigerode (U23)","Red Devils Wernigerode U23",98
"Red Devils Wernigerode U23","Red Devils Wernigerode U23",98
"SC DHfK Leipzig","SC DHfK Leipzig",99
"SC DHfK Leipzig II","SC DHfK Leipzig II",100
"SC Itzehoe","SC Itzehoe",101
"SC Itzehoe II","SC Itzehoe II",102
"SC Potsdam","SC Potsdam",103
"SC Weende Göttingen","SC Weende Göttingen",104
"SCS Berlin","SCS Berlin",105
"Seabulls","Seabulls",106
"SG Bloherfelde/Nordenham","SG Bloherfelde/Nordenham",107
"SG Bloherfelde/Sedelsberg","SG Bloherfelde/Sedelsberg",108
"SG Bonn/Refrath","SG Bonn/Refrath",109
"SG Bordesholm/Preetz","SG Bordesholm/Preetz",110
"SG Bordesholm/Preetz/Gaarden","SG Bordesholm/Preetz/Gaarden",111
"SG Calw-Tübingen","SG Calw-Tübingen",112
"SG Donau Floorball Ingolstadt II / Haunwöhr","SG Donau Floorball Ingolstadt II / Haunwöhr",113
"SG ETV Piranhhas II/III","SG ETV Piranhhas II",114
"SG Floorball Rhein-Neckar","SG Floorball Rhein-Neckar",115
"SG FTC+ Berlin","SG FTC+ Berlin",116
"SG Gettorf / Barkelsby","SG Gettorf / Barkelsby",117
"SG Gettorf/Barkelsby","SG Gettorf / Barkelsby",117
"SG Hannover","SG Hannover",118
"SG Harzgerode/Großörner","SG Harzgerode/Großörner",119
"SG Heidelberg Mannheim","SG Heidelberg Mannheim",120
"SG Heidenau/Graupa","SG Heidenau/Graupa",121
"SG Hochdahl-Aachen","SG Hochdahl-Aachen",122
"SG Kiel/Neuwittenbek","SG Kiel/Neuwittenbek",123
"SG Kölln-Reisiek","SG Kölln-Reisiek",124
"SG Kölln-Reisiek/Brunsbüttel","SG Kölln-Reisiek/Brunsbüttel",125
"SG Mellensee/Rangsdorf","SG Mellensee/Rangsdorf",126
"SG Mittelnkirchen/Stade","SG Mittelnkirchen/Stade",127
"SG Nordenham/Wahnbek","SG Nordenham/Wahnbek",128
"SG Nordheim / Augsburg","SG Nordheim / Augsburg",129
"SG Oldenburg/Nordenham","SG Oldenburg/Nordenham",130
"SG Osnabrück-Paderborn","SG Osnabrück-Paderborn",131
"SG Osnabrück/Bielefeld","SG Osnabrück/Bielefeld",132
"SG Osnabrück/Dinklage","SG Osnabrück/Dinklage",133
"SG Potsdam","SG Potsdam",134
"SG Potsdam / Mellensee","SG Potsdam/Mellensee",135
"SG Potsdam/Mellensee","SG Potsdam/Mellensee",135
"SG PSV 90 Dessau / SV Rotta","SG PSV 90 Dessau / SV Rotta",136
"SG PSV München / Stern München II","SG PSV München / Stern München II",137
"SG Regenbogen West-Berlin","SG Regenbogen West-Berlin",138
"SG Rohrdorf / Nürnberg","SG Rohrdorf / Nürnberg",139
"SG Rohrdorf-Nürnberg","SG Rohrdorf / Nürnberg",139
"SG Roxel-Steinfurt","SG Roxel-Steinfurt",140
"SG Schenefeld/Kölln-Reisiek","SG Schenefeld/Kölln-Reisiek",141
"SG Schriesheim-Mannheim","SG Schriesheim-Mannheim",142
"SG Schriesheim/Mannheim","SG Schriesheim-Mannheim",142
"SG Schwarzenbek/Glinde","SG Schwarzenbek/Glinde",143
"SG SCS Berlin/Eisbären Juniors","SG SCS Berlin/Eisbären Juniors",144
"SG Seebergen/Lilienthal","SG Seebergen/Lilienthal",145
"SG Seebergen/Lilienthal (GF)","SG Seebergen/Lilienthal",145
"SG Tetenbüll/Siems","SG Tetenbüll/Siems",146
"SG Tetenbüll/Siems/Wyk","SG Tetenbüll/Siems/Wyk",147
"SG TSV Bordesholm / Preetzer TSV","SG TSV Bordesholm / Preetzer TSV",148
"SG TSV Bordesholm / Preetzer TSV / Gettorfer TV","SG TSV Bordesholm / Preetzer TSV / Gettorfer TV",149
"SG TSV Schwarzenbek / TSV Glinde","SG TSV Schwarzenbek / TSV Glinde",150
"SG TSV Tetenbüll / SV Hemmingstedt","SG TSV Tetenbüll / SV Hemmingstedt",151
"SG UHC Berlin/ VFL Tegel","SG UHC Berlin/VfL Tegel",152
"SG UHC Berlin/VfL Tegel","SG UHC Berlin/VfL Tegel",152
"SG Wyk/Husum","SG Wyk/Husum",153
"Sport-Club Itzehoe","SC Itzehoe",101
"Sport- Club Itzehoe","SC Itzehoe",101
"Sportvg Feuerbach","Sportvg Feuerbach",155
"Sportvg Feuerbach 1","Sportvg Feuerbach",155
"Sportvg Feuerbach 2","Sportvg Feuerbach 2",156
"SSC Hochdahl","SSC Hochdahl",157
"Dragons Bonn","SSF Dragons Bonn",158
"SSF Dragons Bonn","SSF Dragons Bonn",158
"SSF Dragons Bonn 2","SSF Dragons Bonn 2",159
"SSF Dragons Bonn II","SSF Dragons Bonn 2",159
"SSF Dragons Bonn Damen","SSF Dragons Bonn Damen",160
"SSV Heidenau","SSV Heidenau",161
"SSV Rapid","SSV Rapid",162
"STV Sedelsberg Hawks","STV Sedelsberg Hawks",163
"S&S Flensburg","SuS Flensburg",164
"SuS Flensburg","SuS Flensburg",164
"SV 03 Tübingen Sharks","SV 03 Tübingen Sharks",165
"Tübingen Sharks","SV 03 Tübingen Sharks",165
"SV Espenau Rangers","SV Espenau Rangers",166
"SV Haunwöhr","SV Haunwöhr",167
"SVE Hamburg","SVE Hamburg",168
"TB Burgsteinfurt 1862","TB Burgsteinfurt 1862",169
"TB Uphusen Vikings","TB Uphusen Vikings",170
"Teutonia Bielefeld","Teutonia Bielefeld",171
"TG Lauenburg","TG Lauenburg",172
"TG Teutonia Bielefeld","TG Teutonia Bielefeld",173
"Tollwut Ebersgöns","Tollwut Ebersgöns",174
"TSV Tollwut Ebersgöns","Tollwut Ebersgöns",174
"TSC Wellingsbüttel","TSC Wellingsbüttel",175
"TSG Erlensee","TSG Erlensee",176
"TSG Erlensee 1","TSG Erlensee",176
"TSG Erlensee 1874","TSG Erlensee",176
"TSG Füchse","TSG Füchse Quedlinburg",178
"TSG Füchse I","TSG Füchse Quedlinburg",178
"TSG Füchse Quedlinburg","TSG Füchse Quedlinburg",178
"TSG Füchse II","TSG Füchse Quedlinburg II",179
"TSG Füchse Quedlinburg II","TSG Füchse Quedlinburg II",179
"TSV 1899 Griedel","Floorball Griedel",54
"TSV Bordesholm","TSV Bordesholm",181
"TSV Bordesholm 2","TSV Bordesholm II",182
"TSV Bordesholm II","TSV Bordesholm II",182
"TSV Calw Lions","TSV Calw Lions",183
"TSV Hochdahl","TSV Hochdahl",184
"TSV Lesum-Burgdamm","TSV Lesum-Burgdamm",185
"TSV Neuwittenbek","TSV Neuwittenbek",186
"TSV Schwarzenbek","TSV Schwarzenbek",187
"TuRa Meldorf","TuRa Meldorf",188
"TuS Bloherfelde","TuS Bloherfelde",189
"TuS Gaarden Kiel","TuS Gaarden Kiel",190
"TV 1883 Schriesheim","TV 1883 Schriesheim",191
"TV Augsburg","TV Augsburg",192
"TV Dinklage","TV Dinklage",193
"TV Eiche Horn Bremen","TV Eiche Horn Bremen",194
"TV Eiche Horn Bremen II","TV Eiche Horn Bremen II",195
"TV Eiche Horn II","TV Eiche Horn Bremen II",195
"TV Eiche Horn U21","TV Eiche Horn Bremen II",195
"TV Lilienthal","Lilienthaler Wölfe",76
"TV Schriesheim","TV Schriesheim",197
"1. UC Braunschweig","UC Braunschweig",198
"UC Braunschweig","UC Braunschweig",198
"UC Braunschweig I","UC Braunschweig",198
"UHC Berlin","UHC Berlin",199
"UHC Döbeln 06","UHC Döbeln 06",200
"UHC Döbeln 06 II","UHC Döbeln 06 II",201
"UHC Elster","UHC Elster",202
"UHC Sparkasse Weißenfels","UHC Sparkasse Weißenfels",203
"UHC Sparkasse Weißenfels (D)","UHC Sparkasse Weißenfels (D)",204
"UHC Sparkasse Weißenfels Damen","UHC Sparkasse Weißenfels (D)",204
"UHC Sparkasse Weißenfels II","UHC Sparkasse Weißenfels II",205
"UHC Weißenfels","UHC Sparkasse Weißenfels",203
"Unihockey Igels Dresden","Unihockey Igels Dresden",207
"Unihockey Igels Dresden II","Unihockey Igels Dresden II",208
"United Lakers Konstanz","United Lakers Konstanz",209
"USV Halle Saalebiber","USV Halle Saalebiber",210
"USV Halle Saalebiber II","USV Halle Saalebiber II",211
"USV Jena","USV Jena",212
"USV TU Dresden","USV TU Dresden",213
"USV TU Dresden II","USV TU Dresden II",214
"UV Zwigge 07","UV Zwigge 07",215
"VBC Olympia 72 Ludwigshafen","VBC Olympia 72 Ludwigshafen",216
"Red Hocks Kaufering","VfL Red Hocks Kaufering",217
"VfL Red Hocks Kaufering","VfL Red Hocks Kaufering",217
"VfL Red Hocks Kaufering II","VfL Red Hocks Kaufering II",219
"VfL Tegel","VfL Tegel",220
"Westfälischer Floorball Club","Westfälischer Floorball Club",221
"Young Rockets","Young Rockets",222
"MFBC Leipzig/Schkeuditz/Grimma","MFBC Leipzig/Schkeuditz/Grimma",223
"SCS Berlin Floorball Nation","SCS Berlin Floorball Nation",224
"SG Gießen/Marburg","SG Gießen/Marburg",225
"SG Mainz/St.Wendel","SG Mainz/St.Wendel",226
"SG TSV Bordesholm / TuS Gaarden","SG TSV Bordesholm / TuS Gaarden",227
"TSG Erlensee 2","TSG Erlensee 2",228
